{
    "Ar36": {
        "error": 0.00016512180866452887, 
        "filter_outliers_dict": {
            "filter_outliers": true, 
            "iterations": 2, 
            "std_devs": 2
        }, 
        "fit": "Parabolic", 
        "value": 0.0014367387049928995
    }, 
    "Ar37": {
        "error": 0.011171723850575643, 
        "filter_outliers_dict": {
            "filter_outliers": true, 
            "iterations": 2, 
            "std_devs": 2
        }, 
        "fit": "linear", 
        "value": -0.14403834448586672
    }, 
    "Ar38": {
        "error": 0.012425067594249129, 
        "filter_outliers_dict": {
            "filter_outliers": true, 
            "iterations": 2, 
            "std_devs": 2
        }, 
        "fit": "linear", 
        "value": -0.08948105093189897
    }, 
    "Ar39": {
        "error": 0.024195550837609294, 
        "filter_outliers_dict": {
            "filter_outliers": true, 
            "iterations": 2, 
            "std_devs": 2
        }, 
        "fit": "Parabolic", 
        "value": -0.005575822260406578
    }, 
    "Ar40": {
        "error": 0.020098697019778518, 
        "filter_outliers_dict": {
            "filter_outliers": true, 
            "iterations": 2, 
            "std_devs": 2
        }, 
        "fit": "Parabolic", 
        "value": 0.28547151078877997
    }
}