{
    "Ar36": {
        "error": 0.0019897851902745695, 
        "filter_outliers_dict": {
            "filter_outliers": true, 
            "iterations": 2, 
            "std_devs": 2
        }, 
        "fit": "Parabolic", 
        "value": 0.8058737812342593
    }, 
    "Ar37": {
        "error": 0.012503109004967955, 
        "filter_outliers_dict": {
            "filter_outliers": true, 
            "iterations": 2, 
            "std_devs": 2
        }, 
        "fit": "linear", 
        "value": 0.39827165429966854
    }, 
    "Ar38": {
        "error": 0.01278021558225537, 
        "filter_outliers_dict": {
            "filter_outliers": true, 
            "iterations": 2, 
            "std_devs": 2
        }, 
        "fit": "linear", 
        "value": 2.040893049772257
    }, 
    "Ar39": {
        "error": 0.030504728386378185, 
        "filter_outliers_dict": {
            "filter_outliers": true, 
            "iterations": 2, 
            "std_devs": 2
        }, 
        "fit": "Parabolic", 
        "value": 106.32844268383948
    }, 
    "Ar40": {
        "error": 0.18098128367817204, 
        "filter_outliers_dict": {
            "filter_outliers": true, 
            "iterations": 2, 
            "std_devs": 2
        }, 
        "fit": "Parabolic", 
        "value": 1356.7949075077736
    }
}