{
    "Ar36": {
        "error": 0.0008239693205329152, 
        "filter_outliers_dict": {
            "filter_outliers": true, 
            "iterations": 2, 
            "std_devs": 2
        }, 
        "fit": "Parabolic", 
        "value": 0.18084574256498837
    }, 
    "Ar37": {
        "error": 0.011900176677894779, 
        "filter_outliers_dict": {
            "filter_outliers": true, 
            "iterations": 2, 
            "std_devs": 2
        }, 
        "fit": "linear", 
        "value": -0.0692982687807014
    }, 
    "Ar38": {
        "error": 0.01281884197175444, 
        "filter_outliers_dict": {
            "filter_outliers": true, 
            "iterations": 2, 
            "std_devs": 2
        }, 
        "fit": "linear", 
        "value": 0.19836879182345085
    }, 
    "Ar39": {
        "error": 0.024331734771787593, 
        "filter_outliers_dict": {
            "filter_outliers": true, 
            "iterations": 2, 
            "std_devs": 2
        }, 
        "fit": "Parabolic", 
        "value": 13.951079580041988
    }, 
    "Ar40": {
        "error": 0.03275903102644034, 
        "filter_outliers_dict": {
            "filter_outliers": true, 
            "iterations": 2, 
            "std_devs": 2
        }, 
        "fit": "Parabolic", 
        "value": 200.62324692261097
    }
}