{
    "Ar36": {
        "error": 0.0016257517218003247, 
        "filter_outliers_dict": {
            "filter_outliers": true, 
            "iterations": 2, 
            "std_devs": 2
        }, 
        "fit": "Parabolic", 
        "value": 0.6947034771890264
    }, 
    "Ar37": {
        "error": 0.011888216129955817, 
        "filter_outliers_dict": {
            "filter_outliers": true, 
            "iterations": 2, 
            "std_devs": 2
        }, 
        "fit": "linear", 
        "value": 1.6686389395306964
    }, 
    "Ar38": {
        "error": 0.01282633335465501, 
        "filter_outliers_dict": {
            "filter_outliers": true, 
            "iterations": 2, 
            "std_devs": 2
        }, 
        "fit": "linear", 
        "value": 8.318442042511201
    }, 
    "Ar39": {
        "error": 0.04434232807266412, 
        "filter_outliers_dict": {
            "filter_outliers": true, 
            "iterations": 2, 
            "std_devs": 2
        }, 
        "fit": "Parabolic", 
        "value": 288.02606136053805
    }, 
    "Ar40": {
        "error": 0.25068942417941315, 
        "filter_outliers_dict": {
            "filter_outliers": true, 
            "iterations": 2, 
            "std_devs": 2
        }, 
        "fit": "Parabolic", 
        "value": 3157.7273463022066
    }
}