{
    "Ar36": {
        "error": 0.0005662669429642623, 
        "filter_outliers_dict": {
            "filter_outliers": true, 
            "iterations": 2, 
            "std_devs": 2
        }, 
        "fit": "Parabolic", 
        "value": 0.07068586809295425
    }, 
    "Ar37": {
        "error": 0.011655299218940533, 
        "filter_outliers_dict": {
            "filter_outliers": true, 
            "iterations": 2, 
            "std_devs": 2
        }, 
        "fit": "linear", 
        "value": -0.14463971197931058
    }, 
    "Ar38": {
        "error": 0.01257859305648497, 
        "filter_outliers_dict": {
            "filter_outliers": true, 
            "iterations": 2, 
            "std_devs": 2
        }, 
        "fit": "linear", 
        "value": -0.08104266456053717
    }, 
    "Ar39": {
        "error": 0.02221925435876656, 
        "filter_outliers_dict": {
            "filter_outliers": true, 
            "iterations": 2, 
            "std_devs": 2
        }, 
        "fit": "Parabolic", 
        "value": -0.0012785437936366755
    }, 
    "Ar40": {
        "error": 0.020468173014039134, 
        "filter_outliers_dict": {
            "filter_outliers": true, 
            "iterations": 2, 
            "std_devs": 2
        }, 
        "fit": "Parabolic", 
        "value": 21.79804622775641
    }
}