{
    "Ar36": {
        "error": 0.0004684527024753205, 
        "filter_outliers_dict": {
            "filter_outliers": true, 
            "iterations": 2, 
            "std_devs": 2
        }, 
        "fit": "Parabolic", 
        "value": 0.04096032986759895
    }, 
    "Ar37": {
        "error": 0.011965478160815415, 
        "filter_outliers_dict": {
            "filter_outliers": true, 
            "iterations": 2, 
            "std_devs": 2
        }, 
        "fit": "linear", 
        "value": -0.12973836644654785
    }, 
    "Ar38": {
        "error": 0.012658815147015473, 
        "filter_outliers_dict": {
            "filter_outliers": true, 
            "iterations": 2, 
            "std_devs": 2
        }, 
        "fit": "linear", 
        "value": 0.11855874276164313
    }, 
    "Ar39": {
        "error": 0.023967027136031244, 
        "filter_outliers_dict": {
            "filter_outliers": true, 
            "iterations": 2, 
            "std_devs": 2
        }, 
        "fit": "Parabolic", 
        "value": 16.79329353976459
    }, 
    "Ar40": {
        "error": 0.03825425791928109, 
        "filter_outliers_dict": {
            "filter_outliers": true, 
            "iterations": 2, 
            "std_devs": 2
        }, 
        "fit": "Parabolic", 
        "value": 313.4348022370474
    }
}