{
    "Ar36": {
        "error": 0.000318600104289055, 
        "filter_outliers_dict": {
            "filter_outliers": true, 
            "iterations": 2, 
            "std_devs": 2
        }, 
        "fit": "Parabolic", 
        "value": 0.017437968802025916
    }, 
    "Ar37": {
        "error": 0.012971661511671513, 
        "filter_outliers_dict": {
            "filter_outliers": true, 
            "iterations": 2, 
            "std_devs": 2
        }, 
        "fit": "linear", 
        "value": 6.62107736694537
    }, 
    "Ar38": {
        "error": 0.012641073514781024, 
        "filter_outliers_dict": {
            "filter_outliers": true, 
            "iterations": 2, 
            "std_devs": 2
        }, 
        "fit": "linear", 
        "value": -0.05124205506796004
    }, 
    "Ar39": {
        "error": 0.021801660395941762, 
        "filter_outliers_dict": {
            "filter_outliers": true, 
            "iterations": 2, 
            "std_devs": 2
        }, 
        "fit": "Parabolic", 
        "value": 2.9713757672051626
    }, 
    "Ar40": {
        "error": 0.019001895978968182, 
        "filter_outliers_dict": {
            "filter_outliers": true, 
            "iterations": 2, 
            "std_devs": 2
        }, 
        "fit": "Parabolic", 
        "value": 10.249626658273694
    }
}