{
    "Ar36": {
        "error": 0.0006192220791648058, 
        "filter_outliers_dict": {
            "filter_outliers": true, 
            "iterations": 2, 
            "std_devs": 2
        }, 
        "fit": "Parabolic", 
        "value": 0.0874439705222622
    }, 
    "Ar37": {
        "error": 0.013104511655857175, 
        "filter_outliers_dict": {
            "filter_outliers": true, 
            "iterations": 2, 
            "std_devs": 2
        }, 
        "fit": "linear", 
        "value": 42.04961281592405
    }, 
    "Ar38": {
        "error": 0.012041780456223105, 
        "filter_outliers_dict": {
            "filter_outliers": true, 
            "iterations": 2, 
            "std_devs": 2
        }, 
        "fit": "linear", 
        "value": 0.2158697616482023
    }, 
    "Ar39": {
        "error": 0.023150106479655333, 
        "filter_outliers_dict": {
            "filter_outliers": true, 
            "iterations": 2, 
            "std_devs": 2
        }, 
        "fit": "Parabolic", 
        "value": 18.495776171099536
    }, 
    "Ar40": {
        "error": 0.02441972818123562, 
        "filter_outliers_dict": {
            "filter_outliers": true, 
            "iterations": 2, 
            "std_devs": 2
        }, 
        "fit": "Parabolic", 
        "value": 63.34295497681242
    }
}