{
    "Ar36": {
        "error": 0.0011421366079106124, 
        "filter_outliers_dict": {
            "filter_outliers": true, 
            "iterations": 2, 
            "std_devs": 2
        }, 
        "fit": "Parabolic", 
        "value": 0.3325205377694972
    }, 
    "Ar37": {
        "error": 0.01210920515596984, 
        "filter_outliers_dict": {
            "filter_outliers": true, 
            "iterations": 2, 
            "std_devs": 2
        }, 
        "fit": "linear", 
        "value": 14.446151230636533
    }, 
    "Ar38": {
        "error": 0.01378044304164166, 
        "filter_outliers_dict": {
            "filter_outliers": true, 
            "iterations": 2, 
            "std_devs": 2
        }, 
        "fit": "linear", 
        "value": 1.1709840038485293
    }, 
    "Ar39": {
        "error": 0.027871045346629254, 
        "filter_outliers_dict": {
            "filter_outliers": true, 
            "iterations": 2, 
            "std_devs": 2
        }, 
        "fit": "Parabolic", 
        "value": 81.12925629411752
    }, 
    "Ar40": {
        "error": 0.058626257374107836, 
        "filter_outliers_dict": {
            "filter_outliers": true, 
            "iterations": 2, 
            "std_devs": 2
        }, 
        "fit": "Parabolic", 
        "value": 871.5378615792727
    }
}