{
    "Ar36": {
        "error": 0.0006848256725794479, 
        "filter_outliers_dict": {
            "filter_outliers": true, 
            "iterations": 2, 
            "std_devs": 2
        }, 
        "fit": "Parabolic", 
        "value": 0.11061783418561094
    }, 
    "Ar37": {
        "error": 0.01360792039380977, 
        "filter_outliers_dict": {
            "filter_outliers": true, 
            "iterations": 2, 
            "std_devs": 2
        }, 
        "fit": "linear", 
        "value": 62.13736719936142
    }, 
    "Ar38": {
        "error": 0.013867860329754905, 
        "filter_outliers_dict": {
            "filter_outliers": true, 
            "iterations": 2, 
            "std_devs": 2
        }, 
        "fit": "linear", 
        "value": 9.393309179328698
    }, 
    "Ar39": {
        "error": 0.024326370952108028, 
        "filter_outliers_dict": {
            "filter_outliers": true, 
            "iterations": 2, 
            "std_devs": 2
        }, 
        "fit": "Parabolic", 
        "value": 24.03771304052512
    }, 
    "Ar40": {
        "error": 0.022461351692072765, 
        "filter_outliers_dict": {
            "filter_outliers": true, 
            "iterations": 2, 
            "std_devs": 2
        }, 
        "fit": "Parabolic", 
        "value": 64.12453185987118
    }
}