{
    "AX": {
        "error": 0.011856948708767868, 
        "filter_outliers_dict": {
            "filter_outliers": true, 
            "iterations": 1, 
            "std_devs": 2
        }, 
        "fit": "average", 
        "value": -0.10499204479428151
    }, 
    "H1": {
        "error": 0.010398082228359933, 
        "filter_outliers_dict": {
            "filter_outliers": true, 
            "iterations": 1, 
            "std_devs": 2
        }, 
        "fit": "average", 
        "value": -0.05090326862264485
    }, 
    "H2": {
        "error": 0.009255891432197511, 
        "filter_outliers_dict": {
            "filter_outliers": true, 
            "iterations": 1, 
            "std_devs": 2
        }, 
        "fit": "average", 
        "value": -0.016386446903458335
    }, 
    "L1": {
        "error": 0.010001963296779808, 
        "filter_outliers_dict": {
            "filter_outliers": true, 
            "iterations": 1, 
            "std_devs": 2
        }, 
        "fit": "average", 
        "value": -0.15202444651664687
    }, 
    "L2(CDD)": {
        "error": 5.2268173715365514e-06, 
        "filter_outliers_dict": {
            "filter_outliers": true, 
            "iterations": 1, 
            "std_devs": 2
        }, 
        "fit": "average", 
        "value": 2.3986479394305608e-05
    }
}