{
    "Ar36": {
        "error": 0.0038466219170321422, 
        "filter_outliers_dict": {
            "filter_outliers": true, 
            "iterations": 2, 
            "std_devs": 2
        }, 
        "fit": "Parabolic", 
        "value": 2.9868984890802905
    }, 
    "Ar37": {
        "error": 0.010932511052413985, 
        "filter_outliers_dict": {
            "filter_outliers": true, 
            "iterations": 2, 
            "std_devs": 2
        }, 
        "fit": "linear", 
        "value": -0.1726677616169296
    }, 
    "Ar38": {
        "error": 0.01286549473315802, 
        "filter_outliers_dict": {
            "filter_outliers": true, 
            "iterations": 2, 
            "std_devs": 2
        }, 
        "fit": "linear", 
        "value": 0.44665837693565863
    }, 
    "Ar39": {
        "error": 0.020064761014127328, 
        "filter_outliers_dict": {
            "filter_outliers": true, 
            "iterations": 2, 
            "std_devs": 2
        }, 
        "fit": "Parabolic", 
        "value": -0.023436926745840973
    }, 
    "Ar40": {
        "error": 0.0595624518249081, 
        "filter_outliers_dict": {
            "filter_outliers": true, 
            "iterations": 2, 
            "std_devs": 2
        }, 
        "fit": "Parabolic", 
        "value": 881.0530228842799
    }
}