{
    "Ar36": {
        "error": 0.0005395115197381396, 
        "filter_outliers_dict": {
            "filter_outliers": true, 
            "iterations": 2, 
            "std_devs": 2
        }, 
        "fit": "Parabolic", 
        "value": 0.04960229688528768
    }, 
    "Ar37": {
        "error": 0.012412370436475334, 
        "filter_outliers_dict": {
            "filter_outliers": true, 
            "iterations": 2, 
            "std_devs": 2
        }, 
        "fit": "linear", 
        "value": -0.1801248796748684
    }, 
    "Ar38": {
        "error": 0.011748287220764594, 
        "filter_outliers_dict": {
            "filter_outliers": true, 
            "iterations": 2, 
            "std_devs": 2
        }, 
        "fit": "linear", 
        "value": 1.564282490181109
    }, 
    "Ar39": {
        "error": 0.031202632720216655, 
        "filter_outliers_dict": {
            "filter_outliers": true, 
            "iterations": 2, 
            "std_devs": 2
        }, 
        "fit": "Parabolic", 
        "value": 127.96828754550125
    }, 
    "Ar40": {
        "error": 0.08295108249493989, 
        "filter_outliers_dict": {
            "filter_outliers": true, 
            "iterations": 2, 
            "std_devs": 2
        }, 
        "fit": "Parabolic", 
        "value": 1582.7911367391869
    }
}